{"system":{"id":null,"rev":"7e7e8db","version":"2.39.5","date":"2024-06-25T03:06:54.810+0000"},"dataElements":[{"name":"Age","created":"2024-06-25T03:06:44.225","lastUpdated":"2024-06-25T03:06:44.225","translations":[],"createdBy":{"id":"M5zQapPyTZI","code":"admin","name":"admin admin","displayName":"admin admin","username":"admin"},"lastUpdatedBy":{"id":"M5zQapPyTZI","code":"admin","name":"admin admin","displayName":"admin admin","username":"admin"},"sharing":{"owner":"M5zQapPyTZI","external":false,"users":{},"userGroups":{},"public":"rw------"},"shortName":"Age","description":"Age","legendSets":[],"aggregationType":"NONE","valueType":"AGE","domainType":"AGGREGATE","aggregationLevels":[],"zeroIsSignificant":false,"id":"lFxQBCHaDkg","attributeValues":[],"categoryCombo":{"id":"bjDvmb4bfuf"}},{"name":"BMI Status","created":"2024-06-25T03:05:57.770","lastUpdated":"2024-06-25T03:05:57.770","translations":[],"createdBy":{"id":"M5zQapPyTZI","code":"admin","name":"admin admin","displayName":"admin admin","username":"admin"},"lastUpdatedBy":{"id":"M5zQapPyTZI","code":"admin","name":"admin admin","displayName":"admin admin","username":"admin"},"sharing":{"owner":"M5zQapPyTZI","external":false,"users":{},"userGroups":{},"public":"rw------"},"shortName":"BMI Status","description":"BMI Status\n","legendSets":[],"aggregationType":"NONE","valueType":"NUMBER","domainType":"AGGREGATE","aggregationLevels":[],"zeroIsSignificant":false,"id":"kYf9A1gZLgv","attributeValues":[],"categoryCombo":{"id":"bjDvmb4bfuf"}},{"name":"First Name","created":"2024-06-25T03:03:04.002","lastUpdated":"2024-06-25T03:04:28.378","translations":[],"createdBy":{"id":"M5zQapPyTZI","code":"admin","name":"admin admin","displayName":"admin admin","username":"admin"},"lastUpdatedBy":{"id":"M5zQapPyTZI","code":"admin","name":"admin admin","displayName":"admin admin","username":"admin"},"sharing":{"owner":"M5zQapPyTZI","external":false,"users":{},"userGroups":{},"public":"rw------"},"shortName":"First Name","description":"First Name","legendSets":[],"aggregationType":"NONE","valueType":"TEXT","domainType":"AGGREGATE","aggregationLevels":[],"zeroIsSignificant":false,"id":"me0AUqpfeHu","attributeValues":[],"categoryCombo":{"id":"bjDvmb4bfuf"}},{"name":"Second Name","created":"2024-06-25T03:04:10.099","lastUpdated":"2024-06-25T03:04:10.099","translations":[],"createdBy":{"id":"M5zQapPyTZI","code":"admin","name":"admin admin","displayName":"admin admin","username":"admin"},"lastUpdatedBy":{"id":"M5zQapPyTZI","code":"admin","name":"admin admin","displayName":"admin admin","username":"admin"},"sharing":{"owner":"M5zQapPyTZI","external":false,"users":{},"userGroups":{},"public":"rw------"},"shortName":"Second Name","description":"Second Name","legendSets":[],"aggregationType":"NONE","valueType":"TEXT","domainType":"AGGREGATE","aggregationLevels":[],"zeroIsSignificant":false,"id":"yGV3Gg8VRX5","attributeValues":[],"categoryCombo":{"id":"bjDvmb4bfuf"}},{"name":"date of birth","created":"2024-06-25T03:05:13.284","lastUpdated":"2024-06-25T03:05:13.284","translations":[],"createdBy":{"id":"M5zQapPyTZI","code":"admin","name":"admin admin","displayName":"admin admin","username":"admin"},"lastUpdatedBy":{"id":"M5zQapPyTZI","code":"admin","name":"admin admin","displayName":"admin admin","username":"admin"},"sharing":{"owner":"M5zQapPyTZI","external":false,"users":{},"userGroups":{},"public":"rw------"},"shortName":"date of birth","description":"date of birth\n","legendSets":[],"aggregationType":"NONE","valueType":"DATE","domainType":"AGGREGATE","aggregationLevels":[],"zeroIsSignificant":false,"id":"ZBDlVLZsYcR","attributeValues":[],"categoryCombo":{"id":"bjDvmb4bfuf"}}]}